repository,config,mcc
aalaesar/install_nextcloud,config_0_0,0.53159
aalaesar/install_nextcloud,config_0_1,0.47954
aalaesar/install_nextcloud,config_0_2,0.47954
aalaesar/install_nextcloud,config_1_0,0.40947
aalaesar/install_nextcloud,config_1_1,0.47665
aalaesar/install_nextcloud,config_1_2,0.49292
aalaesar/install_nextcloud,config_2_0,0.45484
aalaesar/install_nextcloud,config_2_1,0.44184
aalaesar/install_nextcloud,config_2_2,0.4646
AlbanAndrieu/ansible-jenkins-slave,config_0_0,0.33688
AlbanAndrieu/ansible-jenkins-slave,config_0_1,0.38453
AlbanAndrieu/ansible-jenkins-slave,config_0_2,0.30553
AlbanAndrieu/ansible-jenkins-slave,config_1_0,0.39987
AlbanAndrieu/ansible-jenkins-slave,config_1_1,0.3857
AlbanAndrieu/ansible-jenkins-slave,config_1_2,0.38088
AlbanAndrieu/ansible-jenkins-slave,config_2_0,0.36428
AlbanAndrieu/ansible-jenkins-slave,config_2_1,0.38007
AlbanAndrieu/ansible-jenkins-slave,config_2_2,0.38099
AlexeySetevoi/ansible-clickhouse,config_0_0,100.000
AlexeySetevoi/ansible-clickhouse,config_0_1,100.000
AlexeySetevoi/ansible-clickhouse,config_0_2,100.000
AlexeySetevoi/ansible-clickhouse,config_1_0,0.4714
AlexeySetevoi/ansible-clickhouse,config_1_1,0.4714
AlexeySetevoi/ansible-clickhouse,config_1_2,0.4714
AlexeySetevoi/ansible-clickhouse,config_2_0,100.000
AlexeySetevoi/ansible-clickhouse,config_2_1,100.000
AlexeySetevoi/ansible-clickhouse,config_2_2,100.000
ansible-community/ansible-nomad,config_0_0,0.89497
ansible-community/ansible-nomad,config_0_1,0.88932
ansible-community/ansible-nomad,config_0_2,0.89637
ansible-community/ansible-nomad,config_1_0,0.81831
ansible-community/ansible-nomad,config_1_1,0.82241
ansible-community/ansible-nomad,config_1_2,0.81975
ansible-community/ansible-nomad,config_2_0,0.88254
ansible-community/ansible-nomad,config_2_1,0.88132
ansible-community/ansible-nomad,config_2_2,0.87938
ansible-community/ansible-vault,config_0_0,0.88889
ansible-community/ansible-vault,config_0_1,0.88889
ansible-community/ansible-vault,config_0_2,0.88889
ansible-community/ansible-vault,config_1_0,0.80556
ansible-community/ansible-vault,config_1_1,0.83333
ansible-community/ansible-vault,config_1_2,0.83333
ansible-community/ansible-vault,config_2_0,0.88889
ansible-community/ansible-vault,config_2_1,0.88889
ansible-community/ansible-vault,config_2_2,0.88889
ansible-lockdown/RHEL7-STIG,config_0_0,0.69543
ansible-lockdown/RHEL7-STIG,config_0_1,0.69543
ansible-lockdown/RHEL7-STIG,config_0_2,0.70411
ansible-lockdown/RHEL7-STIG,config_1_0,0.46958
ansible-lockdown/RHEL7-STIG,config_1_1,0.45803
ansible-lockdown/RHEL7-STIG,config_1_2,0.44324
ansible-lockdown/RHEL7-STIG,config_2_0,0.63851
ansible-lockdown/RHEL7-STIG,config_2_1,0.6296
ansible-lockdown/RHEL7-STIG,config_2_2,0.6296
ansible-ThoTeam/nexus3-oss,config_0_0,0.70651
ansible-ThoTeam/nexus3-oss,config_0_1,0.70582
ansible-ThoTeam/nexus3-oss,config_0_2,0.71943
ansible-ThoTeam/nexus3-oss,config_1_0,0.56646
ansible-ThoTeam/nexus3-oss,config_1_1,0.57027
ansible-ThoTeam/nexus3-oss,config_1_2,0.5596
ansible-ThoTeam/nexus3-oss,config_2_0,0.70518
ansible-ThoTeam/nexus3-oss,config_2_1,0.71541
ansible-ThoTeam/nexus3-oss,config_2_2,0.70547
ansistrano/deploy,config_0_0,0.48501
ansistrano/deploy,config_0_1,0.48609
ansistrano/deploy,config_0_2,0.49876
ansistrano/deploy,config_1_0,0.35585
ansistrano/deploy,config_1_1,0.39752
ansistrano/deploy,config_1_2,0.39738
ansistrano/deploy,config_2_0,0.38946
ansistrano/deploy,config_2_1,0.40735
ansistrano/deploy,config_2_2,0.41247
anthcourtney/ansible-role-cis-amazon-linux,config_0_0,0.40509
anthcourtney/ansible-role-cis-amazon-linux,config_0_1,0.41196
anthcourtney/ansible-role-cis-amazon-linux,config_0_2,0.41169
anthcourtney/ansible-role-cis-amazon-linux,config_1_0,0.16052
anthcourtney/ansible-role-cis-amazon-linux,config_1_1,0.1746
anthcourtney/ansible-role-cis-amazon-linux,config_1_2,0.16313
anthcourtney/ansible-role-cis-amazon-linux,config_2_0,0.44642
anthcourtney/ansible-role-cis-amazon-linux,config_2_1,0.38033
anthcourtney/ansible-role-cis-amazon-linux,config_2_2,0.38033
antoiner77/caddy-ansible,config_0_0,0.5966
antoiner77/caddy-ansible,config_0_1,0.5966
antoiner77/caddy-ansible,config_0_2,0.5966
antoiner77/caddy-ansible,config_1_0,0.51571
antoiner77/caddy-ansible,config_1_1,0.51571
antoiner77/caddy-ansible,config_1_2,0.51571
antoiner77/caddy-ansible,config_2_0,0.5966
antoiner77/caddy-ansible,config_2_1,0.5966
antoiner77/caddy-ansible,config_2_2,0.5966
ANXS/postgresql,config_0_0,0.83936
ANXS/postgresql,config_0_1,0.83473
ANXS/postgresql,config_0_2,0.82979
ANXS/postgresql,config_1_0,0.79143
ANXS/postgresql,config_1_1,0.76655
ANXS/postgresql,config_1_2,0.77051
ANXS/postgresql,config_2_0,0.83727
ANXS/postgresql,config_2_1,0.85454
ANXS/postgresql,config_2_2,0.8587
arillso/ansible.logrotate,config_0_0,0.08333
arillso/ansible.logrotate,config_0_1,0.16667
arillso/ansible.logrotate,config_0_2,0.08333
arillso/ansible.logrotate,config_1_0,0.125
arillso/ansible.logrotate,config_1_1,0.125
arillso/ansible.logrotate,config_1_2,0.125
arillso/ansible.logrotate,config_2_0,0.125
arillso/ansible.logrotate,config_2_1,0.04167
arillso/ansible.logrotate,config_2_2,0.125
automium/service-kubernetes,config_0_0,0.48062
automium/service-kubernetes,config_0_1,0.47989
automium/service-kubernetes,config_0_2,0.47704
automium/service-kubernetes,config_1_0,0.47272
automium/service-kubernetes,config_1_1,0.47645
automium/service-kubernetes,config_1_2,0.47219
automium/service-kubernetes,config_2_0,0.50134
automium/service-kubernetes,config_2_1,0.49579
automium/service-kubernetes,config_2_2,0.49579
caktus/tequila-django,config_0_0,0.92125
caktus/tequila-django,config_0_1,0.94165
caktus/tequila-django,config_0_2,0.94165
caktus/tequila-django,config_1_0,0.75324
caktus/tequila-django,config_1_1,0.7804
caktus/tequila-django,config_1_2,0.75506
caktus/tequila-django,config_2_0,0.90085
caktus/tequila-django,config_2_1,0.90085
caktus/tequila-django,config_2_2,0.90085
cloudalchemy/ansible-alertmanager,config_0_0,0.65143
cloudalchemy/ansible-alertmanager,config_0_1,0.63678
cloudalchemy/ansible-alertmanager,config_0_2,0.64136
cloudalchemy/ansible-alertmanager,config_1_0,0.72521
cloudalchemy/ansible-alertmanager,config_1_1,0.66996
cloudalchemy/ansible-alertmanager,config_1_2,0.6846
cloudalchemy/ansible-alertmanager,config_2_0,0.61621
cloudalchemy/ansible-alertmanager,config_2_1,0.61621
cloudalchemy/ansible-alertmanager,config_2_2,0.63906
cloudalchemy/ansible-blackbox-exporter,config_0_0,100.000
cloudalchemy/ansible-blackbox-exporter,config_0_1,100.000
cloudalchemy/ansible-blackbox-exporter,config_0_2,100.000
cloudalchemy/ansible-blackbox-exporter,config_1_0,100.000
cloudalchemy/ansible-blackbox-exporter,config_1_1,100.000
cloudalchemy/ansible-blackbox-exporter,config_1_2,100.000
cloudalchemy/ansible-blackbox-exporter,config_2_0,100.000
cloudalchemy/ansible-blackbox-exporter,config_2_1,100.000
cloudalchemy/ansible-blackbox-exporter,config_2_2,100.000
cloudalchemy/ansible-grafana,config_0_0,0.71925
cloudalchemy/ansible-grafana,config_0_1,0.71925
cloudalchemy/ansible-grafana,config_0_2,0.71455
cloudalchemy/ansible-grafana,config_1_0,0.63219
cloudalchemy/ansible-grafana,config_1_1,0.61893
cloudalchemy/ansible-grafana,config_1_2,0.6208
cloudalchemy/ansible-grafana,config_2_0,0.64185
cloudalchemy/ansible-grafana,config_2_1,0.64872
cloudalchemy/ansible-grafana,config_2_2,0.64055
cloudalchemy/ansible-node-exporter,config_0_0,0.85997
cloudalchemy/ansible-node-exporter,config_0_1,0.85997
cloudalchemy/ansible-node-exporter,config_0_2,0.85281
cloudalchemy/ansible-node-exporter,config_1_0,0.86772
cloudalchemy/ansible-node-exporter,config_1_1,0.86772
cloudalchemy/ansible-node-exporter,config_1_2,0.86219
cloudalchemy/ansible-node-exporter,config_2_0,0.85281
cloudalchemy/ansible-node-exporter,config_2_1,0.85997
cloudalchemy/ansible-node-exporter,config_2_2,0.85281
cloudalchemy/ansible-prometheus,config_0_0,0.90728
cloudalchemy/ansible-prometheus,config_0_1,0.90728
cloudalchemy/ansible-prometheus,config_0_2,0.90728
cloudalchemy/ansible-prometheus,config_1_0,0.86365
cloudalchemy/ansible-prometheus,config_1_1,0.86545
cloudalchemy/ansible-prometheus,config_1_2,0.85607
cloudalchemy/ansible-prometheus,config_2_0,0.87397
cloudalchemy/ansible-prometheus,config_2_1,0.87576
cloudalchemy/ansible-prometheus,config_2_2,0.87576
cloudalchemy/ansible-pushgateway,config_0_0,100.000
cloudalchemy/ansible-pushgateway,config_0_1,100.000
cloudalchemy/ansible-pushgateway,config_0_2,100.000
cloudalchemy/ansible-pushgateway,config_1_0,0.91453
cloudalchemy/ansible-pushgateway,config_1_1,0.9
cloudalchemy/ansible-pushgateway,config_1_2,0.91453
cloudalchemy/ansible-pushgateway,config_2_0,100.000
cloudalchemy/ansible-pushgateway,config_2_1,100.000
cloudalchemy/ansible-pushgateway,config_2_2,100.000
cloudalchemy/ansible-smokeping_prober,config_0_0,0
cloudalchemy/ansible-smokeping_prober,config_0_1,0
cloudalchemy/ansible-smokeping_prober,config_0_2,0
cloudalchemy/ansible-smokeping_prober,config_1_0,0
cloudalchemy/ansible-smokeping_prober,config_1_1,0
cloudalchemy/ansible-smokeping_prober,config_1_2,0
cloudalchemy/ansible-smokeping_prober,config_2_0,0
cloudalchemy/ansible-smokeping_prober,config_2_1,0
cloudalchemy/ansible-smokeping_prober,config_2_2,0
CoffeeITWorks/ansible_burp2_server,config_0_0,0.72861
CoffeeITWorks/ansible_burp2_server,config_0_1,0.73746
CoffeeITWorks/ansible_burp2_server,config_0_2,0.74809
CoffeeITWorks/ansible_burp2_server,config_1_0,0.6699
CoffeeITWorks/ansible_burp2_server,config_1_1,0.66801
CoffeeITWorks/ansible_burp2_server,config_1_2,0.66264
CoffeeITWorks/ansible_burp2_server,config_2_0,0.74448
CoffeeITWorks/ansible_burp2_server,config_2_1,0.74448
CoffeeITWorks/ansible_burp2_server,config_2_2,0.74448
CSCfi/ansible-role-slurm,config_0_0,0.92154
CSCfi/ansible-role-slurm,config_0_1,0.93162
CSCfi/ansible-role-slurm,config_0_2,0.91965
CSCfi/ansible-role-slurm,config_1_0,0.81767
CSCfi/ansible-role-slurm,config_1_1,0.83062
CSCfi/ansible-role-slurm,config_1_2,0.83268
CSCfi/ansible-role-slurm,config_2_0,0.92363
CSCfi/ansible-role-slurm,config_2_1,0.92595
CSCfi/ansible-role-slurm,config_2_2,0.9251
CSCfi/ansible-role-users,config_0_0,100.000
CSCfi/ansible-role-users,config_0_1,100.000
CSCfi/ansible-role-users,config_0_2,100.000
CSCfi/ansible-role-users,config_1_0,100.000
CSCfi/ansible-role-users,config_1_1,100.000
CSCfi/ansible-role-users,config_1_2,100.000
CSCfi/ansible-role-users,config_2_0,100.000
CSCfi/ansible-role-users,config_2_1,100.000
CSCfi/ansible-role-users,config_2_2,100.000
DataDog/ansible-datadog,config_0_0,0.79739
DataDog/ansible-datadog,config_0_1,0.79739
DataDog/ansible-datadog,config_0_2,0.79739
DataDog/ansible-datadog,config_1_0,0.72931
DataDog/ansible-datadog,config_1_1,0.72555
DataDog/ansible-datadog,config_1_2,0.72555
DataDog/ansible-datadog,config_2_0,0.79739
DataDog/ansible-datadog,config_2_1,0.79739
DataDog/ansible-datadog,config_2_2,0.79739
DavidWittman/ansible-redis,config_0_0,0.73168
DavidWittman/ansible-redis,config_0_1,0.74561
DavidWittman/ansible-redis,config_0_2,0.72593
DavidWittman/ansible-redis,config_1_0,0.71545
DavidWittman/ansible-redis,config_1_1,0.68094
DavidWittman/ansible-redis,config_1_2,0.72944
DavidWittman/ansible-redis,config_2_0,0.7555
DavidWittman/ansible-redis,config_2_1,0.7591
DavidWittman/ansible-redis,config_2_2,0.72049
diodonfrost/ansible-role-mariadb,config_0_0,100.000
diodonfrost/ansible-role-mariadb,config_0_1,100.000
diodonfrost/ansible-role-mariadb,config_0_2,100.000
diodonfrost/ansible-role-mariadb,config_1_0,0.25
diodonfrost/ansible-role-mariadb,config_1_1,0.25
diodonfrost/ansible-role-mariadb,config_1_2,0.28571
diodonfrost/ansible-role-mariadb,config_2_0,100.000
diodonfrost/ansible-role-mariadb,config_2_1,100.000
diodonfrost/ansible-role-mariadb,config_2_2,100.000
dj-wasabi/ansible-telegraf,config_0_0,0.63248
dj-wasabi/ansible-telegraf,config_0_1,0.5856
dj-wasabi/ansible-telegraf,config_0_2,0.60243
dj-wasabi/ansible-telegraf,config_1_0,0.54235
dj-wasabi/ansible-telegraf,config_1_1,0.55662
dj-wasabi/ansible-telegraf,config_1_2,0.49784
dj-wasabi/ansible-telegraf,config_2_0,0.65958
dj-wasabi/ansible-telegraf,config_2_1,0.67352
dj-wasabi/ansible-telegraf,config_2_2,0.634
dokku/ansible-dokku,config_0_0,0.91137
dokku/ansible-dokku,config_0_1,100.000
dokku/ansible-dokku,config_0_2,0.91137
dokku/ansible-dokku,config_1_0,0.6906
dokku/ansible-dokku,config_1_1,0.86785
dokku/ansible-dokku,config_1_2,0.58815
dokku/ansible-dokku,config_2_0,0.91137
dokku/ansible-dokku,config_2_1,0.91137
dokku/ansible-dokku,config_2_2,0.86785
elastic/ansible-beats,config_0_0,0.52361
elastic/ansible-beats,config_0_1,0.50178
elastic/ansible-beats,config_0_2,0.4291
elastic/ansible-beats,config_1_0,0.36243
elastic/ansible-beats,config_1_1,0.52361
elastic/ansible-beats,config_1_2,0.45694
elastic/ansible-beats,config_2_0,0.45694
elastic/ansible-beats,config_2_1,0.45694
elastic/ansible-beats,config_2_2,0.52361
elastic/ansible-elasticsearch,config_0_0,0.80033
elastic/ansible-elasticsearch,config_0_1,0.78854
elastic/ansible-elasticsearch,config_0_2,0.79497
elastic/ansible-elasticsearch,config_1_0,0.72331
elastic/ansible-elasticsearch,config_1_1,0.70979
elastic/ansible-elasticsearch,config_1_2,0.70185
elastic/ansible-elasticsearch,config_2_0,0.77569
elastic/ansible-elasticsearch,config_2_1,0.7916
elastic/ansible-elasticsearch,config_2_2,0.76956
evrardjp/ansible-keepalived,config_0_0,0.9292
evrardjp/ansible-keepalived,config_0_1,0.9292
evrardjp/ansible-keepalived,config_0_2,0.9292
evrardjp/ansible-keepalived,config_1_0,0.86795
evrardjp/ansible-keepalived,config_1_1,0.86253
evrardjp/ansible-keepalived,config_1_2,0.86795
evrardjp/ansible-keepalived,config_2_0,0.92518
evrardjp/ansible-keepalived,config_2_1,0.91767
evrardjp/ansible-keepalived,config_2_2,0.92518
fgci-org/ansible-role-cuda,config_0_0,0.54685
fgci-org/ansible-role-cuda,config_0_1,0.54685
fgci-org/ansible-role-cuda,config_0_2,0.54685
fgci-org/ansible-role-cuda,config_1_0,0.51635
fgci-org/ansible-role-cuda,config_1_1,0.44418
fgci-org/ansible-role-cuda,config_1_2,0.45534
fgci-org/ansible-role-cuda,config_2_0,0.54685
fgci-org/ansible-role-cuda,config_2_1,0.54685
fgci-org/ansible-role-cuda,config_2_2,0.54685
florianutz/Ubuntu1604-CIS,config_0_0,0.57454
florianutz/Ubuntu1604-CIS,config_0_1,0.57454
florianutz/Ubuntu1604-CIS,config_0_2,0.57454
florianutz/Ubuntu1604-CIS,config_1_0,0.57454
florianutz/Ubuntu1604-CIS,config_1_1,0.57454
florianutz/Ubuntu1604-CIS,config_1_2,0.57454
florianutz/Ubuntu1604-CIS,config_2_0,0.57454
florianutz/Ubuntu1604-CIS,config_2_1,0.57454
florianutz/Ubuntu1604-CIS,config_2_2,0.59682
florianutz/Ubuntu1804-CIS,config_0_0,0.64859
florianutz/Ubuntu1804-CIS,config_0_1,0.6548
florianutz/Ubuntu1804-CIS,config_0_2,0.68147
florianutz/Ubuntu1804-CIS,config_1_0,0.68327
florianutz/Ubuntu1804-CIS,config_1_1,0.64049
florianutz/Ubuntu1804-CIS,config_1_2,0.68327
florianutz/Ubuntu1804-CIS,config_2_0,0.72078
florianutz/Ubuntu1804-CIS,config_2_1,0.71021
florianutz/Ubuntu1804-CIS,config_2_2,0.67123
galaxyproject/ansible-galaxy,config_0_0,0.68334
galaxyproject/ansible-galaxy,config_0_1,0.69757
galaxyproject/ansible-galaxy,config_0_2,0.69062
galaxyproject/ansible-galaxy,config_1_0,0.63707
galaxyproject/ansible-galaxy,config_1_1,0.64005
galaxyproject/ansible-galaxy,config_1_2,0.63415
galaxyproject/ansible-galaxy,config_2_0,0.71734
galaxyproject/ansible-galaxy,config_2_1,0.71749
galaxyproject/ansible-galaxy,config_2_2,0.72113
galaxyproject/ansible-galaxy-tools,config_0_0,0
galaxyproject/ansible-galaxy-tools,config_0_1,0
galaxyproject/ansible-galaxy-tools,config_0_2,0
galaxyproject/ansible-galaxy-tools,config_1_0,0
galaxyproject/ansible-galaxy-tools,config_1_1,0
galaxyproject/ansible-galaxy-tools,config_1_2,0
galaxyproject/ansible-galaxy-tools,config_2_0,0
galaxyproject/ansible-galaxy-tools,config_2_1,0
galaxyproject/ansible-galaxy-tools,config_2_2,0
Graylog2/graylog-ansible-role,config_0_0,0.19106
Graylog2/graylog-ansible-role,config_0_1,0.20032
Graylog2/graylog-ansible-role,config_0_2,0.19106
Graylog2/graylog-ansible-role,config_1_0,0.24499
Graylog2/graylog-ansible-role,config_1_1,0.24499
Graylog2/graylog-ansible-role,config_1_2,0.22714
Graylog2/graylog-ansible-role,config_2_0,0.36322
Graylog2/graylog-ansible-role,config_2_1,0.38107
Graylog2/graylog-ansible-role,config_2_2,0.36322
hadret/ansible-role-containers,config_0_0,0.12201
hadret/ansible-role-containers,config_0_1,0.12201
hadret/ansible-role-containers,config_0_2,0.12201
hadret/ansible-role-containers,config_1_0,0.12201
hadret/ansible-role-containers,config_1_1,0.12201
hadret/ansible-role-containers,config_1_2,0.45534
hadret/ansible-role-containers,config_2_0,0.45534
hadret/ansible-role-containers,config_2_1,0.45534
hadret/ansible-role-containers,config_2_2,0.12201
HanXHX/ansible-debian-bootstrap,config_0_0,0.81566
HanXHX/ansible-debian-bootstrap,config_0_1,0.78845
HanXHX/ansible-debian-bootstrap,config_0_2,0.78845
HanXHX/ansible-debian-bootstrap,config_1_0,0.48039
HanXHX/ansible-debian-bootstrap,config_1_1,0.47736
HanXHX/ansible-debian-bootstrap,config_1_2,0.48853
HanXHX/ansible-debian-bootstrap,config_2_0,0.65472
HanXHX/ansible-debian-bootstrap,config_2_1,0.6906
HanXHX/ansible-debian-bootstrap,config_2_2,0.73956
HanXHX/ansible-nginx,config_0_0,0.653
HanXHX/ansible-nginx,config_0_1,0.653
HanXHX/ansible-nginx,config_0_2,0.67362
HanXHX/ansible-nginx,config_1_0,0.55366
HanXHX/ansible-nginx,config_1_1,0.59174
HanXHX/ansible-nginx,config_1_2,0.58871
HanXHX/ansible-nginx,config_2_0,0.58487
HanXHX/ansible-nginx,config_2_1,0.59042
HanXHX/ansible-nginx,config_2_2,0.58904
idealista/consul_role,config_0_0,100.000
idealista/consul_role,config_0_1,0.85714
idealista/consul_role,config_0_2,0.85714
idealista/consul_role,config_1_0,0.92857
idealista/consul_role,config_1_1,0.92685
idealista/consul_role,config_1_2,0.95163
idealista/consul_role,config_2_0,100.000
idealista/consul_role,config_2_1,100.000
idealista/consul_role,config_2_2,100.000
idealista/java_role,config_0_0,100.000
idealista/java_role,config_0_1,100.000
idealista/java_role,config_0_2,100.000
idealista/java_role,config_1_0,0.87924
idealista/java_role,config_1_1,0.87924
idealista/java_role,config_1_2,0.87924
idealista/java_role,config_2_0,100.000
idealista/java_role,config_2_1,100.000
idealista/java_role,config_2_2,100.000
idealista/mysql_role,config_0_0,100.000
idealista/mysql_role,config_0_1,100.000
idealista/mysql_role,config_0_2,100.000
idealista/mysql_role,config_1_0,0.95683
idealista/mysql_role,config_1_1,0.84966
idealista/mysql_role,config_1_2,0.8705
idealista/mysql_role,config_2_0,100.000
idealista/mysql_role,config_2_1,100.000
idealista/mysql_role,config_2_2,100.000
idealista/nexus-role,config_0_0,0.1338
idealista/nexus-role,config_0_1,0.1338
idealista/nexus-role,config_0_2,0.1338
idealista/nexus-role,config_1_0,0
idealista/nexus-role,config_1_1,0
idealista/nexus-role,config_1_2,0
idealista/nexus-role,config_2_0,0.1338
idealista/nexus-role,config_2_1,0.1338
idealista/nexus-role,config_2_2,0.1338
infOpen/ansible-role-docker,config_0_0,0
infOpen/ansible-role-docker,config_0_1,0
infOpen/ansible-role-docker,config_0_2,0
infOpen/ansible-role-docker,config_1_0,-0.11806
infOpen/ansible-role-docker,config_1_1,-0.11806
infOpen/ansible-role-docker,config_1_2,-0.11806
infOpen/ansible-role-docker,config_2_0,-0.05556
infOpen/ansible-role-docker,config_2_1,0
infOpen/ansible-role-docker,config_2_2,-0.05556
infOpen/ansible-role-fail2ban,config_0_0,100.000
infOpen/ansible-role-fail2ban,config_0_1,100.000
infOpen/ansible-role-fail2ban,config_0_2,100.000
infOpen/ansible-role-fail2ban,config_1_0,100.000
infOpen/ansible-role-fail2ban,config_1_1,100.000
infOpen/ansible-role-fail2ban,config_1_2,100.000
infOpen/ansible-role-fail2ban,config_2_0,100.000
infOpen/ansible-role-fail2ban,config_2_1,100.000
infOpen/ansible-role-fail2ban,config_2_2,100.000
kibatic/ansible-traefik,config_0_0,0.34615
kibatic/ansible-traefik,config_0_1,0.38462
kibatic/ansible-traefik,config_0_2,0.34615
kibatic/ansible-traefik,config_1_0,0.46154
kibatic/ansible-traefik,config_1_1,0.42308
kibatic/ansible-traefik,config_1_2,0.46154
kibatic/ansible-traefik,config_2_0,0.53846
kibatic/ansible-traefik,config_2_1,0.53846
kibatic/ansible-traefik,config_2_2,0.5
lae/ansible-role-proxmox,config_0_0,0.62258
lae/ansible-role-proxmox,config_0_1,0.62258
lae/ansible-role-proxmox,config_0_2,0.64238
lae/ansible-role-proxmox,config_1_0,0.46802
lae/ansible-role-proxmox,config_1_1,0.46216
lae/ansible-role-proxmox,config_1_2,0.43911
lae/ansible-role-proxmox,config_2_0,0.62591
lae/ansible-role-proxmox,config_2_1,0.64872
lae/ansible-role-proxmox,config_2_2,0.64872
linux-system-roles/storage,config_0_0,0
linux-system-roles/storage,config_0_1,0
linux-system-roles/storage,config_0_2,0
linux-system-roles/storage,config_1_0,0
linux-system-roles/storage,config_1_1,0
linux-system-roles/storage,config_1_2,0
linux-system-roles/storage,config_2_0,0
linux-system-roles/storage,config_2_1,0
linux-system-roles/storage,config_2_2,0
m4rcu5nl/ansible-role-zerotier,config_0_0,100.000
m4rcu5nl/ansible-role-zerotier,config_0_1,100.000
m4rcu5nl/ansible-role-zerotier,config_0_2,100.000
m4rcu5nl/ansible-role-zerotier,config_1_0,100.000
m4rcu5nl/ansible-role-zerotier,config_1_1,100.000
m4rcu5nl/ansible-role-zerotier,config_1_2,100.000
m4rcu5nl/ansible-role-zerotier,config_2_0,100.000
m4rcu5nl/ansible-role-zerotier,config_2_1,100.000
m4rcu5nl/ansible-role-zerotier,config_2_2,100.000
mimacom/ansible-role-bamboo,config_0_0,0.82733
mimacom/ansible-role-bamboo,config_0_1,100.000
mimacom/ansible-role-bamboo,config_0_2,100.000
mimacom/ansible-role-bamboo,config_1_0,100.000
mimacom/ansible-role-bamboo,config_1_1,0.78868
mimacom/ansible-role-bamboo,config_1_2,0.78868
mimacom/ansible-role-bamboo,config_2_0,0.82733
mimacom/ansible-role-bamboo,config_2_1,0.82733
mimacom/ansible-role-bamboo,config_2_2,0.82733
mrlesmithjr/ansible-manage-lvm,config_0_0,0.1349
mrlesmithjr/ansible-manage-lvm,config_0_1,0.1349
mrlesmithjr/ansible-manage-lvm,config_0_2,0.1349
mrlesmithjr/ansible-manage-lvm,config_1_0,0.14741
mrlesmithjr/ansible-manage-lvm,config_1_1,0.1828
mrlesmithjr/ansible-manage-lvm,config_1_2,0.32049
mrlesmithjr/ansible-manage-lvm,config_2_0,0.31709
mrlesmithjr/ansible-manage-lvm,config_2_1,0.24855
mrlesmithjr/ansible-manage-lvm,config_2_2,0.30213
mrlesmithjr/ansible-netdata,config_0_0,0.75926
mrlesmithjr/ansible-netdata,config_0_1,0.75926
mrlesmithjr/ansible-netdata,config_0_2,0.59259
mrlesmithjr/ansible-netdata,config_1_0,0.44903
mrlesmithjr/ansible-netdata,config_1_1,0.40509
mrlesmithjr/ansible-netdata,config_1_2,0.3836
mrlesmithjr/ansible-netdata,config_2_0,0.72222
mrlesmithjr/ansible-netdata,config_2_1,0.75926
mrlesmithjr/ansible-netdata,config_2_2,0.75926
naftulikay/ansible-role-degoss,config_0_0,0.52778
naftulikay/ansible-role-degoss,config_0_1,0.52778
naftulikay/ansible-role-degoss,config_0_2,0.52778
naftulikay/ansible-role-degoss,config_1_0,0.47222
naftulikay/ansible-role-degoss,config_1_1,0.47222
naftulikay/ansible-role-degoss,config_1_2,0.47222
naftulikay/ansible-role-degoss,config_2_0,0.52778
naftulikay/ansible-role-degoss,config_2_1,0.52778
naftulikay/ansible-role-degoss,config_2_2,0.52778
newrelic/infrastructure-agent-ansible,config_0_0,0.95238
newrelic/infrastructure-agent-ansible,config_0_1,0.95238
newrelic/infrastructure-agent-ansible,config_0_2,0.95238
newrelic/infrastructure-agent-ansible,config_1_0,0.95238
newrelic/infrastructure-agent-ansible,config_1_1,0.95238
newrelic/infrastructure-agent-ansible,config_1_2,0.95238
newrelic/infrastructure-agent-ansible,config_2_0,0.95238
newrelic/infrastructure-agent-ansible,config_2_1,0.95238
newrelic/infrastructure-agent-ansible,config_2_2,0.95238
nusenu/ansible-relayor,config_0_0,0.85016
nusenu/ansible-relayor,config_0_1,0.85797
nusenu/ansible-relayor,config_0_2,0.85016
nusenu/ansible-relayor,config_1_0,0.70088
nusenu/ansible-relayor,config_1_1,0.70694
nusenu/ansible-relayor,config_1_2,0.72533
nusenu/ansible-relayor,config_2_0,0.91153
nusenu/ansible-relayor,config_2_1,0.89635
nusenu/ansible-relayor,config_2_2,0.90416
nwoetzel/ansible-role-eclipse,config_0_0,0.67082
nwoetzel/ansible-role-eclipse,config_0_1,0.67082
nwoetzel/ansible-role-eclipse,config_0_2,0.67082
nwoetzel/ansible-role-eclipse,config_1_0,0.13363
nwoetzel/ansible-role-eclipse,config_1_1,0.22222
nwoetzel/ansible-role-eclipse,config_1_2,0.14907
nwoetzel/ansible-role-eclipse,config_2_0,0.67082
nwoetzel/ansible-role-eclipse,config_2_1,0.67082
nwoetzel/ansible-role-eclipse,config_2_2,0.67082
Oefenweb/ansible-percona-server,config_0_0,0.91212
Oefenweb/ansible-percona-server,config_0_1,0.91212
Oefenweb/ansible-percona-server,config_0_2,0.91212
Oefenweb/ansible-percona-server,config_1_0,0.58871
Oefenweb/ansible-percona-server,config_1_1,0.59904
Oefenweb/ansible-percona-server,config_1_2,0.5991
Oefenweb/ansible-percona-server,config_2_0,0.68749
Oefenweb/ansible-percona-server,config_2_1,0.68749
Oefenweb/ansible-percona-server,config_2_2,0.68749
Oefenweb/ansible-postfix,config_0_0,0.97059
Oefenweb/ansible-postfix,config_0_1,0.97059
Oefenweb/ansible-postfix,config_0_2,0.97059
Oefenweb/ansible-postfix,config_1_0,0.97059
Oefenweb/ansible-postfix,config_1_1,0.97059
Oefenweb/ansible-postfix,config_1_2,0.97059
Oefenweb/ansible-postfix,config_2_0,0.98529
Oefenweb/ansible-postfix,config_2_1,0.98529
Oefenweb/ansible-postfix,config_2_2,0.98529
Oefenweb/ansible-supervisor,config_0_0,0.88336
Oefenweb/ansible-supervisor,config_0_1,0.88336
Oefenweb/ansible-supervisor,config_0_2,0.88336
Oefenweb/ansible-supervisor,config_1_0,0.88336
Oefenweb/ansible-supervisor,config_1_1,0.89749
Oefenweb/ansible-supervisor,config_1_2,0.89749
Oefenweb/ansible-supervisor,config_2_0,0.88336
Oefenweb/ansible-supervisor,config_2_1,0.88336
Oefenweb/ansible-supervisor,config_2_2,0.88336
openstack/openstack-ansible-os_neutron,config_0_0,0.81856
openstack/openstack-ansible-os_neutron,config_0_1,0.79335
openstack/openstack-ansible-os_neutron,config_0_2,0.81856
openstack/openstack-ansible-os_neutron,config_1_0,0.58317
openstack/openstack-ansible-os_neutron,config_1_1,0.55962
openstack/openstack-ansible-os_neutron,config_1_2,0.55862
openstack/openstack-ansible-os_neutron,config_2_0,0.64616
openstack/openstack-ansible-os_neutron,config_2_1,0.63743
openstack/openstack-ansible-os_neutron,config_2_2,0.63743
openstack/openstack-ansible-os_nova,config_0_0,0.57381
openstack/openstack-ansible-os_nova,config_0_1,0.60036
openstack/openstack-ansible-os_nova,config_0_2,0.59104
openstack/openstack-ansible-os_nova,config_1_0,0.44718
openstack/openstack-ansible-os_nova,config_1_1,0.45145
openstack/openstack-ansible-os_nova,config_1_2,0.40725
openstack/openstack-ansible-os_nova,config_2_0,0.51308
openstack/openstack-ansible-os_nova,config_2_1,0.53018
openstack/openstack-ansible-os_nova,config_2_2,0.51162
openstack/openstack-ansible-rabbitmq_server,config_0_0,0.73789
openstack/openstack-ansible-rabbitmq_server,config_0_1,0.72945
openstack/openstack-ansible-rabbitmq_server,config_0_2,0.72945
openstack/openstack-ansible-rabbitmq_server,config_1_0,0.59431
openstack/openstack-ansible-rabbitmq_server,config_1_1,0.57868
openstack/openstack-ansible-rabbitmq_server,config_1_2,0.55929
openstack/openstack-ansible-rabbitmq_server,config_2_0,0.72516
openstack/openstack-ansible-rabbitmq_server,config_2_1,0.72309
openstack/openstack-ansible-rabbitmq_server,config_2_2,0.72516
openwisp/ansible-openwisp2,config_0_0,0.71021
openwisp/ansible-openwisp2,config_0_1,0.6933
openwisp/ansible-openwisp2,config_0_2,0.70631
openwisp/ansible-openwisp2,config_1_0,0.61332
openwisp/ansible-openwisp2,config_1_1,0.61555
openwisp/ansible-openwisp2,config_1_2,0.61379
openwisp/ansible-openwisp2,config_2_0,0.61755
openwisp/ansible-openwisp2,config_2_1,0.61576
openwisp/ansible-openwisp2,config_2_2,0.62272
oVirt/ovirt-ansible-disaster-recovery,config_0_0,0.72104
oVirt/ovirt-ansible-disaster-recovery,config_0_1,0.73257
oVirt/ovirt-ansible-disaster-recovery,config_0_2,0.69856
oVirt/ovirt-ansible-disaster-recovery,config_1_0,0.30954
oVirt/ovirt-ansible-disaster-recovery,config_1_1,0.31429
oVirt/ovirt-ansible-disaster-recovery,config_1_2,0.32348
oVirt/ovirt-ansible-disaster-recovery,config_2_0,0.60744
oVirt/ovirt-ansible-disaster-recovery,config_2_1,0.60744
oVirt/ovirt-ansible-disaster-recovery,config_2_2,0.60033
oVirt/ovirt-ansible-hosted-engine-setup,config_0_0,0.78819
oVirt/ovirt-ansible-hosted-engine-setup,config_0_1,0.77872
oVirt/ovirt-ansible-hosted-engine-setup,config_0_2,0.79368
oVirt/ovirt-ansible-hosted-engine-setup,config_1_0,0.30702
oVirt/ovirt-ansible-hosted-engine-setup,config_1_1,0.30316
oVirt/ovirt-ansible-hosted-engine-setup,config_1_2,0.29355
oVirt/ovirt-ansible-hosted-engine-setup,config_2_0,0.3075
oVirt/ovirt-ansible-hosted-engine-setup,config_2_1,0.30763
oVirt/ovirt-ansible-hosted-engine-setup,config_2_2,0.30611
PyratLabs/ansible-role-k3s,config_0_0,0.33971
PyratLabs/ansible-role-k3s,config_0_1,0.33971
PyratLabs/ansible-role-k3s,config_0_2,0.33971
PyratLabs/ansible-role-k3s,config_1_0,0.32705
PyratLabs/ansible-role-k3s,config_1_1,0.33589
PyratLabs/ansible-role-k3s,config_1_2,0.33295
PyratLabs/ansible-role-k3s,config_2_0,0.33346
PyratLabs/ansible-role-k3s,config_2_1,0.33346
PyratLabs/ansible-role-k3s,config_2_2,0.3279
riemers/ansible-gitlab-runner,config_0_0,0.60493
riemers/ansible-gitlab-runner,config_0_1,0.60671
riemers/ansible-gitlab-runner,config_0_2,0.61296
riemers/ansible-gitlab-runner,config_1_0,0.62291
riemers/ansible-gitlab-runner,config_1_1,0.62443
riemers/ansible-gitlab-runner,config_1_2,0.62641
riemers/ansible-gitlab-runner,config_2_0,0.67735
riemers/ansible-gitlab-runner,config_2_1,0.67391
riemers/ansible-gitlab-runner,config_2_2,0.66855
rvm/rvm1-ansible,config_0_0,0.55505
rvm/rvm1-ansible,config_0_1,0.58544
rvm/rvm1-ansible,config_0_2,0.58544
rvm/rvm1-ansible,config_1_0,0.58544
rvm/rvm1-ansible,config_1_1,0.58544
rvm/rvm1-ansible,config_1_2,0.58544
rvm/rvm1-ansible,config_2_0,0.55505
rvm/rvm1-ansible,config_2_1,0.55505
rvm/rvm1-ansible,config_2_2,0.58544
sensu/sensu-ansible,config_0_0,0.07191
sensu/sensu-ansible,config_0_1,0.07191
sensu/sensu-ansible,config_0_2,0.07191
sensu/sensu-ansible,config_1_0,0.08452
sensu/sensu-ansible,config_1_1,0.08452
sensu/sensu-ansible,config_1_2,0.08452
sensu/sensu-ansible,config_2_0,0.0509
sensu/sensu-ansible,config_2_1,0.05768
sensu/sensu-ansible,config_2_2,0.05768
stackbuilders/sb-debian-base,config_0_0,0.50558
stackbuilders/sb-debian-base,config_0_1,0.49846
stackbuilders/sb-debian-base,config_0_2,0.49318
stackbuilders/sb-debian-base,config_1_0,0.48765
stackbuilders/sb-debian-base,config_1_1,0.47337
stackbuilders/sb-debian-base,config_1_2,0.46477
stackbuilders/sb-debian-base,config_2_0,0.51072
stackbuilders/sb-debian-base,config_2_1,0.51499
stackbuilders/sb-debian-base,config_2_2,0.52212
stackhpc/ansible-role-libvirt-vm,config_0_0,0.21822
stackhpc/ansible-role-libvirt-vm,config_0_1,0.21822
stackhpc/ansible-role-libvirt-vm,config_0_2,0.21822
stackhpc/ansible-role-libvirt-vm,config_1_0,0.21822
stackhpc/ansible-role-libvirt-vm,config_1_1,0.21822
stackhpc/ansible-role-libvirt-vm,config_1_2,0.21822
stackhpc/ansible-role-libvirt-vm,config_2_0,0.21822
stackhpc/ansible-role-libvirt-vm,config_2_1,0.21822
stackhpc/ansible-role-libvirt-vm,config_2_2,0.21822
stackhpc/ansible-role-os-images,config_0_0,100.000
stackhpc/ansible-role-os-images,config_0_1,100.000
stackhpc/ansible-role-os-images,config_0_2,100.000
stackhpc/ansible-role-os-images,config_1_0,100.000
stackhpc/ansible-role-os-images,config_1_1,100.000
stackhpc/ansible-role-os-images,config_1_2,100.000
stackhpc/ansible-role-os-images,config_2_0,100.000
stackhpc/ansible-role-os-images,config_2_1,100.000
stackhpc/ansible-role-os-images,config_2_2,100.000
stone-payments/ansible-rabbitmq,config_0_0,100.000
stone-payments/ansible-rabbitmq,config_0_1,100.000
stone-payments/ansible-rabbitmq,config_0_2,100.000
stone-payments/ansible-rabbitmq,config_1_0,0.89633
stone-payments/ansible-rabbitmq,config_1_1,0.88213
stone-payments/ansible-rabbitmq,config_1_2,0.89633
stone-payments/ansible-rabbitmq,config_2_0,100.000
stone-payments/ansible-rabbitmq,config_2_1,100.000
stone-payments/ansible-rabbitmq,config_2_2,100.000
tulibraries/ansible-role-airflow,config_0_0,0.07143
tulibraries/ansible-role-airflow,config_0_1,0.07143
tulibraries/ansible-role-airflow,config_0_2,0.07143
tulibraries/ansible-role-airflow,config_1_0,0.09467
tulibraries/ansible-role-airflow,config_1_1,0.09467
tulibraries/ansible-role-airflow,config_1_2,0.09467
tulibraries/ansible-role-airflow,config_2_0,0.07143
tulibraries/ansible-role-airflow,config_2_1,0.07143
tulibraries/ansible-role-airflow,config_2_2,0.07143
UnderGreen/ansible-role-mongodb,config_0_0,0.76716
UnderGreen/ansible-role-mongodb,config_0_1,0.76791
UnderGreen/ansible-role-mongodb,config_0_2,0.76718
UnderGreen/ansible-role-mongodb,config_1_0,0.7694
UnderGreen/ansible-role-mongodb,config_1_1,0.75771
UnderGreen/ansible-role-mongodb,config_1_2,0.77052
UnderGreen/ansible-role-mongodb,config_2_0,0.77083
UnderGreen/ansible-role-mongodb,config_2_1,0.77573
UnderGreen/ansible-role-mongodb,config_2_2,0.77519
viasite-ansible/ansible-role-zsh,config_0_0,0.79162
viasite-ansible/ansible-role-zsh,config_0_1,0.81373
viasite-ansible/ansible-role-zsh,config_0_2,0.79162
viasite-ansible/ansible-role-zsh,config_1_0,0.75958
viasite-ansible/ansible-role-zsh,config_1_1,0.7615
viasite-ansible/ansible-role-zsh,config_1_2,0.77004
viasite-ansible/ansible-role-zsh,config_2_0,0.79162
viasite-ansible/ansible-role-zsh,config_2_1,0.80068
viasite-ansible/ansible-role-zsh,config_2_2,0.79162
wcm-io-devops/ansible-conga-ansible-controlhost,config_0_0,100.000
wcm-io-devops/ansible-conga-ansible-controlhost,config_0_1,0.677
wcm-io-devops/ansible-conga-ansible-controlhost,config_0_2,0.677
wcm-io-devops/ansible-conga-ansible-controlhost,config_1_0,0.43301
wcm-io-devops/ansible-conga-ansible-controlhost,config_1_1,0.36515
wcm-io-devops/ansible-conga-ansible-controlhost,config_1_2,0.36515
wcm-io-devops/ansible-conga-ansible-controlhost,config_2_0,0.677
wcm-io-devops/ansible-conga-ansible-controlhost,config_2_1,0.677
wcm-io-devops/ansible-conga-ansible-controlhost,config_2_2,0.677
willshersystems/ansible-sshd,config_0_0,100.000
willshersystems/ansible-sshd,config_0_1,100.000
willshersystems/ansible-sshd,config_0_2,0.97727
willshersystems/ansible-sshd,config_1_0,0.97727
willshersystems/ansible-sshd,config_1_1,0.97727
willshersystems/ansible-sshd,config_1_2,100.000
willshersystems/ansible-sshd,config_2_0,100.000
willshersystems/ansible-sshd,config_2_1,100.000
willshersystems/ansible-sshd,config_2_2,100.000
